1;Renekton;Jacare;renektonetop@gmail.com;programa mais lxxxxx auauhauahhauhahuahauhau;12/06/2019 14:38:50

3;gabriel;Melegaro;gabrielmelegaro@gmail.com;fafafafafa;12/06/2019 15:17:15

5;Renekton;Melegaro;gabrielmelegaro@gmail.com;xxxbxcbcxbxccbxbxcb;12/06/2019 15:17:43

7;Renekton;Melegaro;gabrielmelegaro@gmail.com;fdjdfjjsfjfsjssj;13/06/2019 14:21:21

9;Renekton;Melegaro;gabrielmelegaro@gmail.com;rfhazgsdgd\gsg\ddgs ruim;14/06/2019 13:50:49

11;gabriel;Melegaro;gabrielmelegaro@gmail.com;~chgjvhkvb;14/06/2019 14:22:07

13;gabriel;Melegaro;gabrielmelegaro@gmail.com;wfsaasvsavssavava;14/06/2019 17:00:45

